Asset 1,Asset 2,Correlation
HDFC Bank,HDFC Bank,1.0
ICICI Bank,HDFC Bank,0.6317362709804715
Infosys,HDFC Bank,0.32535898467936575
Reliance Industries,HDFC Bank,0.43984216279249017
TCS,HDFC Bank,0.2915119957624394
NIFTY 50,HDFC Bank,0.7588121703437931
HDFC Bank,ICICI Bank,0.6317362709804715
ICICI Bank,ICICI Bank,1.0
Infosys,ICICI Bank,0.33661368331537933
Reliance Industries,ICICI Bank,0.4169600559671974
TCS,ICICI Bank,0.3017875472880919
NIFTY 50,ICICI Bank,0.7627418489241946
HDFC Bank,Infosys,0.32535898467936575
ICICI Bank,Infosys,0.33661368331537933
Infosys,Infosys,1.0
Reliance Industries,Infosys,0.32931005097630006
TCS,Infosys,0.7266928229496559
NIFTY 50,Infosys,0.5746187262677366
HDFC Bank,Reliance Industries,0.43984216279249017
ICICI Bank,Reliance Industries,0.4169600559671974
Infosys,Reliance Industries,0.32931005097630006
Reliance Industries,Reliance Industries,1.0
TCS,Reliance Industries,0.35478948068567656
NIFTY 50,Reliance Industries,0.7052630006113965
HDFC Bank,TCS,0.2915119957624394
ICICI Bank,TCS,0.3017875472880919
Infosys,TCS,0.7266928229496559
Reliance Industries,TCS,0.35478948068567656
TCS,TCS,1.0
NIFTY 50,TCS,0.554201255719097
HDFC Bank,NIFTY 50,0.7588121703437931
ICICI Bank,NIFTY 50,0.7627418489241946
Infosys,NIFTY 50,0.5746187262677366
Reliance Industries,NIFTY 50,0.7052630006113965
TCS,NIFTY 50,0.554201255719097
NIFTY 50,NIFTY 50,1.0
